{
    "name": "root",
    "metadata": {
        "timer_format_version": "0.1.0",
        "start_time_seconds": "1653056912",
        "python_version": "3.7.9 (tags/v3.7.9:13c94747c7, Aug 17 2020, 16:30:00) [MSC v.1900 64 bit (AMD64)]",
        "command_line_arguments": "C:\\Users\\PS\\Documents\\ai_flight\\venv\\Scripts\\mlagents-learn --force",
        "mlagents_version": "0.29.0",
        "mlagents_envs_version": "0.29.0",
        "communication_protocol_version": "1.5.0",
        "pytorch_version": "1.11.0+cu113",
        "numpy_version": "1.21.2",
        "end_time_seconds": "1653057001"
    },
    "total": 88.85366309999999,
    "count": 1,
    "self": 0.004390199999974698,
    "children": {
        "run_training.setup": {
            "total": 0.11424889999999999,
            "count": 1,
            "self": 0.11424889999999999
        },
        "TrainerController.start_learning": {
            "total": 88.73502400000001,
            "count": 1,
            "self": 0.017130100000031234,
            "children": {
                "TrainerController._reset_env": {
                    "total": 12.251775199999999,
                    "count": 1,
                    "self": 12.251775199999999
                },
                "TrainerController.advance": {
                    "total": 76.17341969999998,
                    "count": 1104,
                    "self": 0.01832750000008332,
                    "children": {
                        "env_step": {
                            "total": 76.02876349999991,
                            "count": 1104,
                            "self": 69.4159907,
                            "children": {
                                "SubprocessEnvManager._take_step": {
                                    "total": 6.59871139999988,
                                    "count": 1104,
                                    "self": 0.056018699999849986,
                                    "children": {
                                        "TorchPolicy.evaluate": {
                                            "total": 6.54269270000003,
                                            "count": 1101,
                                            "self": 1.0493806000001094,
                                            "children": {
                                                "TorchPolicy.sample_actions": {
                                                    "total": 5.493312099999921,
                                                    "count": 1101,
                                                    "self": 5.493312099999921
                                                }
                                            }
                                        }
                                    }
                                },
                                "workers": {
                                    "total": 0.014061400000032975,
                                    "count": 1103,
                                    "self": 0.0,
                                    "children": {
                                        "worker_root": {
                                            "total": 15.698313800000042,
                                            "count": 1103,
                                            "is_parallel": true,
                                            "self": 8.558397500000039,
                                            "children": {
                                                "steps_from_proto": {
                                                    "total": 0.013432500000000402,
                                                    "count": 1,
                                                    "is_parallel": true,
                                                    "self": 0.000351400000001334,
                                                    "children": {
                                                        "_process_maybe_compressed_observation": {
                                                            "total": 0.01297189999999837,
                                                            "count": 2,
                                                            "is_parallel": true,
                                                            "self": 8.269999999832578e-05,
                                                            "children": {
                                                                "_observation_to_np_array": {
                                                                    "total": 0.012889200000000045,
                                                                    "count": 1,
                                                                    "is_parallel": true,
                                                                    "self": 2.3000000000550358e-05,
                                                                    "children": {
                                                                        "process_pixels": {
                                                                            "total": 0.012866199999999495,
                                                                            "count": 1,
                                                                            "is_parallel": true,
                                                                            "self": 0.0003082999999985958,
                                                                            "children": {
                                                                                "image_decompress": {
                                                                                    "total": 0.012557900000000899,
                                                                                    "count": 1,
                                                                                    "is_parallel": true,
                                                                                    "self": 0.012557900000000899
                                                                                }
                                                                            }
                                                                        }
                                                                    }
                                                                }
                                                            }
                                                        },
                                                        "_process_rank_one_or_two_observation": {
                                                            "total": 0.00010920000000069763,
                                                            "count": 2,
                                                            "is_parallel": true,
                                                            "self": 0.00010920000000069763
                                                        }
                                                    }
                                                },
                                                "UnityEnvironment.step": {
                                                    "total": 7.126483800000003,
                                                    "count": 1103,
                                                    "is_parallel": true,
                                                    "self": 0.07553790000001825,
                                                    "children": {
                                                        "UnityEnvironment._generate_step_input": {
                                                            "total": 0.06476180000010068,
                                                            "count": 1103,
                                                            "is_parallel": true,